date,type,id
2017-03-24 16:09:04,Activity,912517677
2017-03-24 16:09:09,Activity,912469227
2017-03-26 17:14:16,Activity,914034560
2017-03-28 04:10:08,Activity,917331214
2017-03-31 04:17:41,Activity,920983003
2017-04-05 02:06:05,Activity,928460520
2017-04-10 18:43:16,Activity,936106140
2017-04-23 23:06:30,Activity,955450841
2017-05-06 23:12:19,Activity,973658984
2017-05-15 02:19:31,Activity,986749737
2017-05-26 15:32:14,Activity,1005143879
2017-05-27 13:57:33,Activity,1007315592
2017-05-28 15:38:37,Activity,1009686438
2017-05-29 19:33:01,Activity,1011785480
2017-05-31 04:41:53,Activity,1013560067
2017-06-04 16:27:30,Activity,1019683638
2017-06-04 16:39:25,Activity,1020876635
2017-06-05 21:08:20,Activity,1022714625
2017-06-05 21:08:29,Activity,1022907094
2017-06-05 23:04:15,Activity,1023024443
2017-06-06 19:01:31,Activity,1024026836
2017-06-06 19:01:46,Activity,1024008140
2017-06-06 20:11:06,Activity,1023349273
2017-06-07 22:23:10,Activity,1016732870
2017-06-07 22:29:00,Activity,1025340448
2017-06-08 15:50:27,Activity,1024551840
2017-06-08 15:53:36,Activity,1026022118
2017-06-08 16:34:21,Activity,1025991913
2017-06-09 04:20:05,Activity,1026999393
2017-06-09 12:43:24,Activity,1027722242
2017-06-10 03:44:38,Activity,1028763655
2017-06-11 16:45:59,Activity,1031852434
2017-06-11 16:46:18,Activity,1031699855
2017-06-11 17:48:47,Activity,1030698931
2017-06-11 20:59:34,Activity,1032169765
2017-06-12 01:04:30,Activity,1032432671
2017-06-12 18:54:25,Activity,1032572657
2017-06-13 22:36:09,Activity,1017909431
2017-06-14 20:57:52,Activity,1036888449
2017-06-16 17:56:36,Activity,1039582999
2017-06-17 14:16:16,Activity,1040844627
2017-06-17 17:10:21,Activity,1041180254
2017-06-17 17:13:39,Activity,1035557752
2017-06-17 17:22:47,Activity,1040853556
2017-06-17 20:36:42,Activity,1041277747
2017-06-17 21:51:55,Activity,1040843325
2017-06-19 13:26:35,Activity,1043042276
2017-06-20 14:40:15,Activity,1045004889
2017-06-21 22:01:07,Activity,1047604545
2017-06-23 14:54:42,Activity,1049624836
2017-06-24 23:56:09,Activity,1052343569
2017-06-25 16:26:46,Activity,1053583206
2017-06-26 19:52:23,Activity,1055356595
2017-06-28 04:17:44,Activity,1057017878
2017-06-28 21:57:50,Activity,1058646266
2017-06-29 18:49:30,Activity,1059831388
2017-06-29 23:03:12,Activity,1059972709
2017-06-30 15:32:58,Activity,1060787975
2017-07-02 03:28:01,Activity,1063109931
2017-07-04 22:50:09,Activity,1067101366
2017-07-04 22:50:13,Activity,1067089395
2017-07-04 23:03:56,Activity,1066891565
2017-07-04 23:04:00,Activity,1065657463
2017-07-04 23:07:24,Activity,1067613345
2017-07-07 01:57:10,Activity,1071290438
2017-07-07 01:57:15,Activity,1070573495
2017-07-07 14:58:06,Activity,1071948246
2017-07-07 15:06:54,Activity,1071374264
2017-07-09 16:41:07,Activity,1075224098
2017-07-10 23:53:40,Activity,1077388730
2017-07-10 23:53:41,Activity,1076790116
2017-07-11 15:17:13,Activity,1077559540
2017-07-12 13:03:17,Activity,1079304065
2017-07-12 13:48:29,Activity,1079813873
2017-07-15 15:52:30,Activity,1084459138
2017-07-15 15:52:41,Activity,1084389113
2017-07-15 18:09:16,Activity,1084930908
2017-07-15 18:10:12,Activity,1084931624
2017-07-15 18:10:31,Activity,1084802758
2017-07-15 18:10:32,Activity,1084802320
2017-07-15 18:10:48,Activity,1084802012
2017-07-15 18:11:00,Activity,1083797276
2017-07-15 18:12:31,Activity,1083617954
2017-07-15 18:13:13,Activity,1083277761
2017-07-15 20:28:45,Activity,1085021088
2017-07-16 03:56:45,Activity,1085362740
2017-07-16 03:57:12,Activity,1085365541
2017-07-16 21:11:50,Activity,1087052214
2017-07-17 14:29:43,Activity,1087277247
2017-07-17 14:30:11,Activity,1087233028
2017-07-17 14:31:19,Activity,1087838169
2017-07-17 14:31:28,Activity,1087253368
2017-07-17 14:45:34,Activity,1087905673
2017-07-17 16:36:07,Activity,1088016989
2017-07-18 16:41:18,Activity,1089549264
2017-07-18 16:41:18,Activity,1089642665
2017-07-18 19:45:10,Activity,1088873824
2017-07-19 02:05:30,Activity,1090460727
2017-07-19 02:06:02,Activity,1089354481
2017-07-19 14:11:33,Activity,1091210911
2017-07-20 19:00:41,Activity,1093068344
2017-07-20 19:01:23,Activity,1093148661
2017-07-20 22:23:06,Activity,1092865329
2017-07-21 18:56:52,Activity,1094548670
2017-07-22 01:44:58,Activity,1095054806
2017-07-22 03:43:22,Activity,1095068559
2017-07-23 01:24:38,Activity,1096682213
2017-07-23 01:25:22,Activity,1096718498
2017-07-23 01:25:38,Activity,1096315113
2017-07-23 03:33:12,Activity,1096843988
2017-07-23 03:35:16,Activity,1096414532
2017-07-24 02:17:34,Activity,1098560081
2017-07-24 23:37:10,Activity,1099930740
2017-07-24 23:37:15,Activity,1099907280
2017-07-25 03:53:46,Activity,1099771253
2017-07-26 00:32:00,Activity,1100886257
2017-07-26 02:15:12,Activity,1101749735
2017-07-26 03:15:08,Activity,1101137312
2017-07-26 15:14:03,Activity,1102456023
2017-07-27 02:57:37,Activity,1103343452
2017-07-28 03:58:25,Activity,1104991254
2017-07-28 16:04:32,Activity,1105587074
2017-07-28 16:04:56,Activity,1105581899
2017-07-28 20:07:40,Activity,1105553158
2017-07-29 04:06:58,Activity,1106354302
2017-07-29 04:07:05,Activity,1106228770
2017-07-29 04:07:27,Activity,1105879959
2017-07-29 19:41:31,Activity,1107582359
2017-07-30 03:13:37,Activity,1107853591
2017-07-30 18:16:40,Activity,1108997639
2017-07-30 18:49:42,Activity,1109341858
2017-07-30 18:49:45,Activity,1109001896
2017-07-31 20:42:08,Activity,1110668621
2017-07-31 20:44:10,Activity,1110518366
2017-08-01 14:29:04,Activity,1112111798
2017-08-01 16:08:15,Activity,1112231245
2017-08-01 21:00:36,Activity,1112200873
2017-08-01 21:00:39,Activity,1112175799
2017-08-02 17:47:39,Activity,1113877145
2017-08-02 17:47:43,Activity,1113901384
2017-08-03 14:55:59,Activity,1114825294
2017-08-03 14:56:05,Activity,1115395950
2017-08-03 19:51:12,Activity,1115630654
2017-08-03 19:53:53,Activity,1115436738
2017-08-04 17:37:31,Activity,1116882643
2017-08-04 17:37:35,Activity,1116728656
2017-08-05 14:31:00,Activity,1117447073
2017-08-05 14:33:38,Activity,1116926973
2017-08-05 17:26:01,Activity,1118685698
2017-08-05 21:13:42,Activity,1119051345
2017-08-05 21:14:09,Activity,1119058988
2017-08-05 23:54:51,Activity,1119177660
2017-08-06 14:44:31,Activity,1120228546
2017-08-06 15:27:24,Activity,1120317665
2017-08-06 15:27:31,Activity,1120203918
2017-08-06 21:19:43,Activity,1120704395
2017-08-07 03:46:37,Activity,1121054161
2017-08-07 03:46:51,Activity,1121002783
2017-08-07 03:58:29,Activity,1120406231
2017-08-07 16:25:06,Activity,1121942527
2017-08-09 17:16:46,Activity,1125204117
2017-08-09 17:17:00,Activity,1124213929
2017-08-09 17:55:40,Activity,1125340724
2017-08-09 19:05:01,Activity,1125343245
2017-08-10 01:34:34,Activity,1125960545
2017-08-10 17:22:02,Activity,1126816402
2017-08-10 17:23:11,Activity,1126015299
2017-08-10 17:23:14,Activity,1126001920
2017-08-10 17:23:43,Activity,1126910760
2017-08-11 19:17:35,Activity,1128383350
2017-08-11 22:04:39,Activity,1127592796
2017-08-12 03:03:49,Activity,1128879606
2017-08-12 03:03:56,Activity,1128874888
2017-08-12 18:26:01,Activity,1130128872
2017-08-13 11:10:42,Activity,1130730190
2017-08-13 16:05:05,Activity,1131679588
2017-08-13 20:51:22,Activity,1132043130
2017-08-13 20:51:51,Activity,1131965525
2017-08-13 20:52:01,Activity,1131904914
2017-08-14 12:45:23,Activity,1132529227
2017-08-14 12:45:29,Activity,1132464714
2017-08-15 03:02:45,Activity,1134056277
2017-08-15 03:02:46,Activity,1134057138
2017-08-15 14:26:06,Activity,1134856682
2017-08-15 14:38:12,Activity,1133950645
2017-08-15 19:23:44,Activity,1135208266
2017-08-15 23:53:13,Activity,1135113185
2017-08-16 19:39:46,Activity,1136995831
2017-08-17 01:21:18,Activity,1137356465
2017-08-17 15:23:40,Activity,1138258839
2017-08-18 00:22:17,Activity,1139047140
2017-08-18 02:11:37,Activity,1139130771
2017-08-18 14:24:42,Activity,1139756677
2017-08-18 18:32:15,Activity,1139861249
2017-08-18 18:32:20,Activity,1139848626
2017-08-18 20:24:38,Activity,1140210348
2017-08-18 20:24:53,Activity,1140063667
2017-08-19 13:31:08,Activity,1141192354
2017-08-19 15:12:50,Activity,1141359815
2017-08-19 19:51:25,Activity,1141523188
2017-08-19 19:53:55,Activity,1141405757
2017-08-19 21:17:10,Activity,1141873929
2017-08-19 21:17:12,Activity,1141926651
2017-08-20 03:09:07,Activity,1142139657
2017-08-20 12:39:28,Activity,1142283144
2017-08-20 15:29:04,Activity,1143068224
2017-08-20 17:08:58,Activity,1143456158
2017-08-21 02:50:35,Activity,1144021165
2017-08-21 14:38:59,Activity,1144628953
2017-08-21 14:39:49,Activity,1144683653
2017-08-21 14:39:51,Activity,1144653161
2017-08-21 22:08:58,Activity,1145351309
2017-08-22 02:45:26,Activity,1145570656
2017-08-22 18:43:33,Activity,1146699710
2017-08-22 22:53:16,Activity,1146395795
2017-08-23 00:35:15,Activity,1147191203
2017-08-23 13:54:43,Activity,1147349724
2017-08-23 13:54:49,Activity,1147357911
2017-08-23 14:11:16,Activity,1147998774
2017-08-23 21:04:41,Activity,1148376212
2017-08-24 00:31:23,Activity,1148733965
2017-08-24 00:31:28,Activity,1148268726
2017-08-24 01:57:30,Activity,1149009395
2017-08-24 01:57:31,Activity,1149010906
2017-08-24 01:57:34,Activity,1149013761
2017-08-24 01:57:37,Activity,1148977801
2017-08-24 15:52:02,Activity,1149843951
2017-08-25 13:44:11,Activity,1151203297
2017-08-25 16:13:26,Activity,1151271757
2017-08-25 16:13:34,Activity,1150628903
2017-08-25 16:13:36,Activity,1150602672
2017-08-25 16:13:37,Activity,1150547659
2017-08-25 16:13:50,Activity,1150434383
2017-08-25 18:38:25,Activity,1151595879
2017-08-25 18:39:03,Activity,1151611443
2017-08-26 02:24:27,Activity,1152102772
2017-08-26 02:24:33,Activity,1152103591
2017-08-26 16:35:32,Activity,1153176732
2017-08-26 16:56:59,Activity,1153049394
2017-08-26 16:57:02,Activity,1153048391
2017-08-27 13:42:03,Activity,1154788595
2017-08-27 17:26:45,Activity,1155278116
2017-08-27 17:27:01,Activity,1154954121
2017-08-27 19:01:33,Activity,1155278573
2017-08-27 22:34:47,Activity,1155653676
2017-08-28 02:53:46,Activity,1155872763
2017-08-28 02:54:38,Activity,1155802810
2017-08-29 17:31:40,Activity,1158096564
2017-08-29 17:34:21,Activity,1157379705
2017-08-29 17:34:34,Activity,1157441966
2017-08-31 00:04:20,Activity,1160627094
2017-08-31 00:04:27,Activity,1160510036
2017-08-31 15:16:24,Activity,1161408934
2017-08-31 17:16:29,Activity,1161454838
2017-08-31 23:38:25,Activity,1162133587
2017-09-01 15:35:36,Activity,1162353848
2017-09-01 15:35:37,Activity,1162352320
2017-09-02 18:50:37,Activity,1164801023
2017-09-02 18:51:05,Activity,1164587621
2017-09-02 18:51:13,Activity,1164859699
2017-09-02 18:51:29,Activity,1164710660
2017-09-02 18:52:17,Activity,1163379183
2017-09-02 18:52:28,Activity,1163385938
2017-09-02 18:52:49,Activity,1164829647
2017-09-03 15:59:41,Activity,1166378241
2017-09-03 15:59:45,Activity,1166469479
2017-09-03 15:59:46,Activity,1166483057
2017-09-03 16:08:37,Activity,1166335975
2017-09-03 16:08:37,Activity,1166347901
2017-09-03 16:08:45,Activity,1166324376
2017-09-06 12:55:36,Activity,1170778238
2017-09-06 13:01:27,Post,657684
2017-09-06 13:01:32,Activity,1170396097
2017-09-06 13:01:58,Activity,1169772641
2017-09-06 13:02:27,Activity,1169329995
2017-09-06 22:12:27,Activity,1171751577
2017-09-06 22:12:30,Activity,1171192991
2017-09-07 01:27:39,Activity,1171904884
2017-09-07 01:27:42,Activity,1171843717
2017-09-07 01:28:16,Activity,1171843386
2017-09-07 13:22:17,Activity,1172518300
2017-09-07 20:07:52,Activity,1172735402
2017-09-08 15:59:51,Activity,1174174789
2017-09-08 15:59:57,Activity,1173862170
2017-09-09 22:17:38,Activity,1176326654
2017-09-09 22:17:40,Activity,1175910222
2017-09-09 22:17:41,Activity,1175966230
2017-09-09 22:17:43,Activity,1176039814
2017-09-09 22:17:43,Activity,1176326814
2017-09-09 23:35:08,Activity,1176381593
2017-09-10 17:57:36,Activity,1177764755
2017-09-10 17:58:01,Activity,1177760049
2017-09-10 17:58:23,Activity,1177475586
2017-09-10 18:10:50,Activity,1176327036
2017-09-10 18:10:53,Activity,1176040178
2017-09-10 21:34:55,Activity,1178087047
2017-09-11 20:12:29,Activity,1179310814
2017-09-12 01:08:24,Activity,1179689225
2017-09-12 13:27:11,Activity,1180206420
2017-09-13 13:35:18,Activity,1181965884
2017-09-13 13:35:53,Activity,1181177223
2017-09-13 22:21:19,Activity,1182765985
2017-09-14 01:40:25,Activity,1182953684
2017-09-14 01:40:29,Activity,1182906083
2017-09-16 17:25:09,Activity,1186572311
2017-09-16 18:56:45,Activity,1186837701
2017-09-18 00:25:47,Activity,1189254854
2017-09-19 03:59:33,Activity,1190690069
2017-09-19 03:59:49,Activity,1190706774
2017-09-20 01:23:16,Activity,1192181680
2017-09-21 03:05:39,Activity,1193906868
2017-09-22 13:42:17,Activity,1195913088
2017-09-23 22:42:04,Activity,1197475399
2017-09-25 15:43:45,Activity,1200795603
2017-09-27 01:47:26,Activity,1203332206
2017-09-28 18:49:49,Activity,1205633028
2017-09-29 13:59:53,Activity,1207032293
2017-09-30 18:10:36,Activity,1208902535
2017-09-30 21:33:10,Activity,1209194425
2017-10-01 19:45:30,Activity,1210624511
2017-10-01 20:25:12,Activity,1211026227
2017-10-04 01:47:04,Activity,1214201486
2017-10-04 01:47:12,Activity,1214083888
2017-10-05 01:53:56,Activity,1215655521
2017-10-05 01:53:57,Activity,1215465658
2017-10-08 12:39:12,Activity,1219372823
2017-10-08 12:39:17,Activity,1219336878
2017-10-08 15:12:00,Activity,1220949195
2017-10-08 21:45:38,Activity,1221152411
2017-10-08 22:42:46,Post,656714
2017-10-08 22:42:55,Activity,1148103683
2017-10-08 22:42:56,Activity,1149841767
2017-10-08 22:42:58,Activity,1149844622
2017-10-08 22:42:59,Activity,1151820637
2017-10-08 22:43:00,Activity,1152928471
2017-10-08 22:43:03,Activity,1161258018
2017-10-08 22:43:05,Activity,1158926858
2017-10-08 22:43:06,Activity,1160464375
2017-10-08 22:43:07,Activity,1161473534
2017-10-08 22:43:10,Activity,1163063734
2017-10-08 22:43:12,Activity,1169378658
2017-10-08 22:43:13,Activity,1168893357
2017-10-08 22:43:14,Activity,1168893650
2017-10-08 22:43:16,Activity,1171373128
2017-10-08 22:43:19,Activity,1173407224
2017-10-08 22:43:20,Activity,1174747143
2017-10-08 22:43:21,Activity,1175927971
2017-10-08 22:43:23,Activity,1178380237
2017-10-08 22:43:25,Activity,1178380573
2017-10-08 22:43:26,Activity,1179892468
2017-10-08 22:43:27,Activity,1181535537
2017-10-08 22:43:31,Activity,1183654665
2017-10-08 22:43:33,Activity,1184397323
2017-10-08 22:43:38,Activity,1185812066
2017-10-08 22:43:39,Activity,1187492254
2017-10-08 22:43:44,Activity,1189346815
2017-10-08 22:43:45,Activity,1192403800
2017-10-08 22:43:47,Activity,1195035368
2017-10-08 22:43:48,Activity,1195357185
2017-10-08 22:43:49,Activity,1197528542
2017-10-08 22:43:51,Activity,1202978727
2017-10-08 22:43:52,Activity,1198021022
2017-10-08 22:43:53,Activity,1202779039
2017-10-08 22:43:55,Activity,1204875768
2017-10-08 22:43:56,Activity,1207813677
2017-10-08 22:43:57,Activity,1207814432
2017-10-08 22:43:58,Activity,1211181326
2017-10-08 22:44:00,Activity,1211182652
2017-10-08 22:44:01,Activity,1212725766
2017-10-08 22:44:02,Activity,1214301246
2017-10-08 22:44:04,Activity,1215824467
2017-10-08 22:44:06,Activity,1217920770
2017-10-08 22:44:07,Activity,1218439374
2017-10-08 22:44:08,Activity,1219687609
2017-10-08 22:44:10,Activity,1221066989
2017-10-09 00:06:44,Activity,1221471260
2017-10-09 15:34:51,Activity,1222028483
2017-10-09 15:35:28,Activity,1221895845
2017-10-09 20:03:46,Activity,1222837395
2017-10-11 01:25:06,Activity,1224710557
2017-10-15 22:41:24,Activity,1232387080
2017-10-15 22:41:28,Activity,1231730721
2017-10-17 19:52:49,Activity,1234332487
2017-10-20 01:21:26,Post,710596
2017-10-20 01:21:32,Activity,1238279578
2017-10-20 01:22:58,Activity,1237574755
2017-10-20 01:23:03,Activity,1237376816
2017-10-20 01:23:14,Activity,1236923739
2017-10-22 23:36:15,Activity,1242764377
2017-11-02 14:27:14,Activity,1257841529
2017-11-04 18:14:17,Activity,1260963528
2017-11-04 20:14:56,Activity,1261158480
2017-11-05 00:05:08,Activity,1261369948
2017-11-06 19:54:45,Activity,1263105496
2017-11-06 19:54:55,Activity,1263281054
2017-11-07 18:52:49,Activity,1265132645
2017-11-07 18:52:59,Activity,1264517475
2017-11-07 18:53:00,Activity,1264658903
2017-11-07 18:53:11,Activity,1264659044
2017-11-07 18:53:57,Activity,1265105842
2017-11-07 23:16:11,Activity,1265848024
2017-11-09 17:32:01,Activity,1267975715
2017-11-09 17:32:37,Activity,1267445124
2017-11-09 17:32:38,Activity,1267344706
2017-11-10 15:39:15,Activity,1269181342
2017-11-10 15:39:23,Activity,1268705132
2017-11-11 15:57:00,Activity,1270634507
2017-11-13 13:21:12,Activity,1273517472
2017-11-13 19:59:22,Activity,1272967060
2017-11-14 05:34:35,Activity,1274246596
2017-11-14 05:35:05,Activity,1274246638
2017-11-17 14:13:38,Activity,1278899895
2017-11-17 14:13:47,Activity,1278974971
2017-11-17 14:13:58,Activity,1278467172
2017-11-17 14:14:14,Activity,1277850762
2017-11-21 17:03:58,Activity,1284564454
2017-11-21 17:04:00,Activity,1284701361
2017-11-21 17:04:05,Activity,1284012683
2017-11-22 04:08:17,Activity,1285186569
2017-11-23 00:49:55,Activity,1286498106
2017-11-23 00:58:26,Activity,1286554697
2017-11-24 01:41:32,Activity,1287571166
2017-11-24 01:41:44,Activity,1287479062
2017-11-24 01:41:49,Activity,1287423175
2017-11-24 01:41:54,Activity,1287423531
2017-11-24 01:41:56,Activity,1287422829
2017-11-24 17:07:33,Activity,1288666810
2017-11-24 17:08:00,Activity,1288175363
2017-11-25 04:49:00,Activity,1289178593
2017-11-25 04:49:20,Activity,1289180208
2017-11-26 22:01:27,Activity,1292119547
2017-11-27 17:50:43,Activity,1292682700
2017-11-27 17:50:51,Activity,1292308929
2017-11-28 14:48:25,Activity,1293317399
2017-11-29 01:14:44,Activity,1294633536
2017-11-29 01:15:07,Activity,1294536732
2017-11-29 16:05:34,Activity,1295445827
2017-12-01 02:42:30,Activity,1297329640
2017-12-01 02:42:43,Activity,1296576721
2017-12-04 14:36:53,Activity,1301359069
2017-12-05 05:44:43,Activity,1302610268
2017-12-05 05:45:36,Activity,1302461941
2017-12-05 19:55:21,Activity,1303169644
2017-12-05 19:55:23,Activity,1303169693
2017-12-06 04:48:08,Activity,1303759874
2017-12-06 15:10:17,Activity,1301300871
2017-12-06 15:12:59,Activity,1304328753
2017-12-07 15:04:51,Activity,1305654739
2017-12-07 15:04:53,Activity,1305554256
2017-12-08 02:52:18,Activity,1306238190
2017-12-08 03:30:10,Activity,1306317787
2017-12-08 13:16:02,Activity,1306602149
2017-12-09 20:43:08,Activity,1308385330
2017-12-10 00:13:03,Activity,1308551396
2017-12-10 23:44:30,Activity,1309920133
2017-12-11 13:22:49,Activity,1310050213
2017-12-11 15:38:51,Activity,1310049028
2017-12-12 15:30:40,Activity,1311436453
2017-12-14 01:50:26,Activity,1312719253
2017-12-14 15:01:40,Activity,1313746826
2017-12-17 15:45:43,Activity,1316554822
2017-12-17 15:45:44,Activity,1316674396
2017-12-18 01:17:14,Activity,1317832423
2017-12-18 04:09:00,Activity,1318027612
2017-12-18 04:09:04,Activity,1318025157
2017-12-18 04:09:16,Activity,1318024425
2017-12-18 17:58:57,Activity,1318012200
2017-12-18 19:54:03,Activity,1317997398
2017-12-19 03:15:57,Activity,1319058078
2017-12-19 03:32:04,Activity,1319109470
2017-12-19 23:55:41,Activity,1319981427
2017-12-19 23:56:09,Activity,1320028292
2017-12-20 01:45:45,Activity,1320294842
2017-12-21 03:37:24,Activity,1321195108
2017-12-21 06:39:47,Activity,1321510059
2017-12-22 05:00:29,Activity,1322596913
2017-12-22 21:43:54,Activity,1323219275
2017-12-23 18:48:20,Activity,1324354880
2017-12-23 18:49:15,Activity,1324446746
2017-12-24 20:55:28,Activity,1325913833
2017-12-26 04:48:09,Activity,1327140131
2017-12-26 16:25:15,Activity,1327986189
2017-12-26 16:25:27,Activity,1327198315
2017-12-26 16:25:28,Activity,1327780475
2017-12-26 16:25:31,Activity,1327169733
2017-12-26 17:47:39,Activity,1328087585
2017-12-26 22:03:14,Activity,1328346500
2017-12-26 22:03:27,Activity,1328343172
2017-12-27 02:50:49,Activity,1328519863
2017-12-27 02:51:21,Activity,1328519350
2017-12-27 23:59:45,Activity,1329741011
2017-12-27 23:59:48,Activity,1329715356
2017-12-28 03:54:01,Activity,1329865127
2017-12-29 01:32:12,Activity,1331098097
2017-12-29 02:35:38,Activity,1331098349
2017-12-29 16:36:03,Activity,1331883168
2017-12-29 23:38:58,Activity,1332223657
2017-12-30 03:00:01,Activity,1332414610
2017-12-31 04:25:22,Activity,1333719813
2017-12-31 04:25:25,Activity,1333883524
2017-12-31 04:25:32,Activity,1333734888
2017-12-31 04:25:34,Activity,1333716557
2017-12-31 04:25:39,Activity,1333444872
2017-12-31 04:25:40,Activity,1333505877
2017-12-31 04:25:48,Activity,1333339470
2017-12-31 04:31:55,Activity,1332531311
2017-12-31 16:46:46,Activity,1334861016
2017-12-31 20:47:02,Activity,1335199246
2017-12-31 20:47:03,Activity,1335163566
2017-12-31 20:47:06,Activity,1335149115
2017-12-31 20:47:46,Activity,1334656581
2018-01-01 23:22:22,Activity,1336529017
2018-01-01 23:22:41,Activity,1336553053
2018-01-01 23:23:06,Activity,1336403224
2018-01-01 23:23:14,Activity,1335506861
2018-01-01 23:24:13,Activity,1335385323
2018-01-03 03:06:16,Activity,1338269082
2018-01-03 03:06:31,Activity,1338198311
2018-01-04 03:28:24,Activity,1339711000
2018-01-04 03:28:32,Activity,1338922738
2018-01-05 15:07:17,Activity,1341853259
2018-01-05 15:07:19,Activity,1341409583
2018-01-05 17:52:01,Activity,1342145508
2018-01-05 17:52:35,Activity,1342029719
2018-01-05 17:53:09,Post,1115727
2018-01-05 17:53:12,Activity,1342085796
2018-01-05 17:53:19,Activity,1342044432
2018-01-05 17:53:24,Activity,1341382231
2018-01-06 17:16:56,Activity,1343830183
2018-01-06 21:32:10,Activity,1344199848
2018-01-07 02:42:10,Activity,1344342626
2018-01-07 04:35:19,Activity,1342581381
2018-01-07 16:30:55,Activity,1345303964
2018-01-08 18:03:06,Activity,1347178731
2018-01-08 18:03:25,Activity,1346916197
2018-01-08 22:41:16,Activity,1347376372
2018-01-09 00:58:05,Activity,1347729983
2018-01-09 03:12:10,Activity,1347827205
2018-01-09 03:12:20,Activity,1347796379
2018-01-10 00:19:37,Activity,1349330849
2018-01-10 19:09:56,Activity,1350153442
2018-01-10 19:10:17,Activity,1349903630
2018-01-10 19:10:30,Activity,1349625150
2018-01-10 19:12:55,Activity,1349405501
2018-01-10 19:12:57,Activity,1349398606
2018-01-11 23:44:10,Activity,1352439770
2018-01-12 04:30:21,Activity,1352644375
2018-01-12 23:16:50,Activity,1353325698
2018-01-12 23:16:53,Activity,1353469398
2018-01-12 23:17:01,Activity,1352765760
2018-01-12 23:17:03,Activity,1352681360
2018-01-12 23:17:04,Activity,1352676237
2018-01-12 23:17:10,Activity,1352615107
2018-01-13 05:02:09,Activity,1353948497
2018-01-13 23:27:59,Activity,1355648670
2018-01-14 18:20:11,Activity,1357222653
2018-01-14 18:20:14,Activity,1357371277
2018-01-14 18:20:17,Activity,1357138327
2018-01-14 18:20:19,Activity,1356993769
2018-01-16 01:55:32,Activity,1359315138
2018-01-16 01:55:34,Activity,1359345960
2018-01-16 01:57:12,Activity,1358114919
2018-01-16 01:57:16,Activity,1358112137
2018-01-16 01:57:19,Activity,1358384268
2018-01-17 02:44:03,Activity,1360901030
2018-01-18 23:43:19,Activity,1363217352
2018-01-18 23:43:21,Activity,1362470169
2018-01-18 23:43:33,Activity,1362556776
2018-01-18 23:43:35,Activity,1362264090
2018-01-18 23:43:42,Activity,1361557586
2018-01-18 23:43:44,Activity,1363222695
2018-01-19 15:30:55,Activity,1364534409
2018-01-19 15:31:01,Activity,1363980950
2018-01-19 15:31:06,Activity,1363954027
2018-01-20 05:54:54,Activity,1365508569
2018-01-22 04:08:28,Activity,1369172990
2018-01-22 04:09:07,Activity,1365235065
2018-01-22 04:09:11,Activity,1369153775
2018-01-22 04:09:13,Activity,1369153767
2018-01-22 04:09:15,Activity,1369082829
2018-01-22 04:09:26,Activity,1368892712
2018-01-22 04:09:29,Activity,1369066087
2018-01-23 00:20:51,Activity,1370392231
2018-01-23 00:21:50,Activity,1369741153
2018-01-23 03:39:37,Activity,1370640647
2018-01-23 03:39:39,Activity,1370655069
2018-01-24 14:13:38,Activity,1372629042
2018-01-24 14:13:40,Activity,1372624666
2018-01-24 14:13:51,Activity,1372433456
2018-01-24 14:13:55,Activity,1372433444
2018-01-24 19:10:03,Activity,1373317600
2018-01-26 01:52:11,Activity,1375488718
2018-01-26 14:36:58,Activity,1375613949
2018-01-29 19:51:02,Activity,1381429204
2018-01-29 19:51:28,Activity,1380792916
2018-01-29 19:51:34,Activity,1380831581
2018-01-30 15:57:20,Activity,1382978852
2018-02-01 01:02:05,Activity,1384963553
2018-02-01 03:58:55,Activity,1385612721
2018-02-01 03:59:07,Activity,1385186012
2018-02-02 05:31:57,Activity,1387250513
2018-02-03 15:27:33,Activity,1388711502
2018-02-04 02:34:26,Activity,1390296444
2018-02-04 02:34:28,Activity,1390270855
2018-02-04 18:40:56,Activity,1391762522
2018-02-04 18:45:45,Activity,1390397432
2018-02-04 18:45:47,Activity,1391651715
2018-02-04 18:45:50,Activity,1391514201
2018-02-04 18:46:01,Activity,1391136626
2018-02-04 18:46:23,Post,1338393
2018-02-04 20:42:42,Activity,1392045634
2018-02-04 21:34:01,Activity,1392091125
2018-02-04 21:34:02,Activity,1392088732
2018-02-05 15:17:02,Activity,1392304011
2018-02-05 15:17:06,Activity,1392783475
2018-02-05 23:45:21,Activity,1391823513
2018-02-05 23:47:04,Activity,1391816884
2018-02-06 19:57:17,Activity,1394800496
2018-02-10 15:39:37,Activity,1400033077
2018-02-10 23:08:06,Activity,1401468666
2018-02-11 00:57:14,Activity,1401393431
2018-02-14 03:37:50,Activity,1406618885
2018-02-16 06:00:15,Activity,1409690768
2018-02-16 14:42:55,Activity,1410033322
2018-02-18 16:11:05,Activity,1414022304
2018-02-18 23:13:50,Activity,1414398497
2018-02-18 23:13:52,Activity,1414395088
2018-02-18 23:14:04,Activity,1414632345
2018-02-20 02:26:36,Activity,1416410263
2018-02-20 02:27:10,Activity,1416432553
2018-02-20 02:27:32,Activity,1415910118
2018-02-20 22:40:17,Activity,1417593720
2018-02-20 23:57:36,Activity,1417989194
2018-02-24 14:57:01,Activity,1422364537
2018-02-24 14:57:45,Activity,1421200038
2018-02-25 17:00:56,Activity,1425555503
2018-02-25 17:01:57,Activity,1424338824
2018-02-25 17:02:02,Activity,1424335967
2018-02-25 17:03:40,Activity,1424429361
2018-02-26 00:48:26,Activity,1426333773
2018-02-26 13:22:23,Activity,1426435196
2018-02-27 00:03:16,Activity,1427713168
2018-02-27 01:37:02,Activity,1427754915
2018-02-28 01:00:00,Activity,1427869483
2018-02-28 01:14:01,Activity,1429333702
2018-02-28 05:04:54,Activity,1427947359
2018-02-28 19:02:14,Activity,1429862877
2018-02-28 20:27:33,Activity,1430052995
2018-03-02 14:44:21,Activity,1432492055
2018-03-03 01:56:26,Activity,1433000130
2018-03-04 23:45:40,Activity,1434944203
2018-03-04 23:55:20,Activity,1434528174
2018-03-06 05:11:18,Activity,1438411488
2018-03-06 06:23:19,Activity,1438272776
2018-03-06 06:25:34,Activity,1438281669
2018-03-07 04:00:34,Activity,1439711010
2018-03-07 04:01:06,Activity,1439950017
2018-03-07 17:07:37,Activity,1440776639
2018-03-09 17:03:14,Activity,1443373823
2018-03-09 17:03:16,Activity,1443867590
2018-03-09 17:03:50,Activity,1443313452
2018-03-10 02:13:22,Post,1561787
2018-03-10 03:39:22,Activity,1444653111
2018-03-10 03:39:25,Activity,1444653092
2018-03-12 00:51:41,Activity,1448542995
2018-03-12 13:32:27,Activity,1448675620
2018-03-12 13:32:31,Activity,1449171048
2018-03-12 13:32:35,Activity,1449188605
2018-03-13 14:06:38,Activity,1450534512
2018-03-13 14:06:48,Activity,1450534486
2018-03-13 23:33:34,Activity,1451781222
2018-03-15 01:39:06,Activity,1453619769
2018-03-15 01:49:23,Activity,1453621922
2018-03-15 04:45:47,Activity,1453815242
2018-03-16 03:30:12,Activity,1455096700
2018-03-16 15:41:51,Activity,1455377876
2018-03-16 15:41:53,Activity,1455377459
2018-03-16 16:37:57,Activity,1455317445
2018-03-16 16:38:04,Activity,1455071050
2018-03-16 16:38:24,Activity,1455133222
2018-03-16 16:38:28,Activity,1455105632
2018-03-16 16:38:30,Activity,1455287252
2018-03-16 16:38:38,Activity,1455092511
2018-03-16 16:39:29,Activity,1454255932
2018-03-16 16:40:42,Activity,1454549795
2018-03-17 22:03:05,Activity,1458172513
2018-03-17 22:03:08,Activity,1458072154
2018-03-17 22:03:26,Activity,1457751700
2018-03-18 14:14:10,Activity,1458354219
2018-03-18 14:14:38,Activity,1458227922
2018-03-18 14:14:57,Activity,1458353206
2018-03-18 14:15:00,Activity,1459183870
2018-03-18 14:15:36,Activity,1458315879
2018-03-18 14:16:06,Activity,1457804419
2018-03-18 14:16:52,Activity,1457912788
2018-03-18 14:17:05,Activity,1457729421
2018-03-18 14:17:08,Activity,1457772186
2018-03-18 14:17:32,Activity,1457791072
2018-03-18 17:27:00,Activity,1459690726
2018-03-19 01:03:31,Activity,1460286029
2018-03-19 01:23:10,Activity,1460305498
2018-03-19 02:38:50,Activity,1460340886
2018-03-19 04:17:06,Activity,1460026876
2018-03-19 04:19:40,Activity,1460160034
2018-03-19 16:18:05,Activity,1460902536
2018-03-20 05:13:25,Activity,1444825260
2018-03-21 02:29:45,Activity,1463412204
2018-03-22 05:24:17,Activity,1465005551
2018-03-22 14:27:35,Activity,1465560916
2018-03-23 00:04:40,Activity,1466595748
2018-03-23 01:37:52,Activity,1466656110
2018-03-23 01:37:54,Activity,1466185021
2018-03-23 01:38:07,Activity,1466587131
2018-03-23 01:38:37,Activity,1466601820
2018-03-23 05:07:17,Activity,1466766227
2018-03-23 05:07:18,Activity,1466766350
2018-03-23 14:22:38,Activity,1466763728
2018-03-25 17:39:54,Activity,1471587704
2018-03-25 17:40:52,Activity,1471704965
2018-03-25 17:40:53,Activity,1471704916
2018-03-25 17:40:57,Activity,1471511121
2018-03-25 22:03:30,Activity,1472124831
2018-03-26 01:42:00,Activity,1472316991
2018-03-26 01:42:30,Activity,1469821943
2018-03-26 14:44:52,Activity,1472027696
2018-03-26 14:45:07,Activity,1472017315
2018-03-26 20:28:20,Activity,1473491477
2018-03-27 16:54:22,Activity,1474793529
2018-03-27 16:59:35,Activity,1474739065
2018-03-27 16:59:39,Activity,1474630567
2018-03-27 18:39:51,Activity,1474946289
2018-03-27 18:39:53,Activity,1474922165
2018-03-27 18:39:57,Activity,1474890187
2018-03-28 01:43:45,Activity,1475586620
2018-03-28 01:51:49,Activity,1475472057
2018-03-28 18:39:58,Activity,1476607086
2018-03-29 17:30:25,Activity,1470019002
2018-03-29 17:30:29,Activity,1478357926
2018-03-29 23:39:18,Activity,1478635163
2018-03-29 23:57:04,Activity,1478686507
2018-03-30 19:20:34,Activity,1480149365
2018-03-30 21:32:27,Activity,1480505874
2018-03-31 12:35:01,Activity,1481486969
2018-03-31 21:59:50,Activity,1482436586
2018-03-31 22:00:28,Activity,1481935357
2018-03-31 22:00:32,Activity,1482378488
2018-03-31 22:01:33,Activity,1482004390
2018-03-31 22:01:44,Activity,1481851590
2018-03-31 22:01:52,Activity,1481737664
2018-03-31 22:01:55,Activity,1481577468
2018-03-31 22:01:57,Activity,1482236041
2018-03-31 22:02:04,Activity,1482234601
2018-03-31 22:03:30,Activity,1482373610
2018-03-31 23:47:01,Activity,1482573269
2018-03-31 23:47:04,Activity,1482568667
2018-03-31 23:47:45,Activity,1475598820
2018-04-01 04:06:05,Activity,1482768166
2018-04-01 18:08:57,Activity,1483811762
2018-04-01 18:09:31,Activity,1483558182
2018-04-01 18:10:21,Activity,1484023401
2018-04-01 18:10:44,Activity,1482765384
2018-04-01 20:18:39,Activity,1483924388
2018-04-01 20:26:57,Activity,1482726089
2018-04-02 00:22:06,Activity,1484488890
2018-04-02 00:22:13,Activity,1484485028
2018-04-02 03:47:02,Activity,1484458126
2018-04-02 15:03:41,Activity,1485553826
2018-04-03 06:06:24,Activity,1486470274
2018-04-04 17:54:05,Activity,1489234672
2018-04-04 20:06:12,Activity,1489532193
2018-04-05 18:17:58,Activity,1491207569
2018-04-07 03:52:04,Post,1748925
2018-04-07 03:53:37,Activity,1493429649
2018-04-07 18:07:04,Activity,1494991651
2018-04-08 02:58:29,Activity,1495487413
2018-04-08 03:01:28,Activity,1494668877
2018-04-08 03:01:30,Activity,1493201829
2018-04-08 03:24:51,Activity,1495568048
2018-04-08 03:24:53,Activity,1495567687
2018-04-09 00:37:23,Activity,1497879990
2018-04-09 00:37:48,Activity,1497314344
2018-04-09 00:37:50,Activity,1497666734
2018-04-09 00:39:00,Activity,1497065639
2018-04-09 00:39:24,Activity,1497304943
2018-04-09 15:34:08,Activity,1498495848
2018-04-09 15:34:21,Activity,1498466067
2018-04-09 15:34:31,Activity,1497930628
2018-04-09 15:34:42,Activity,1497926948
2018-04-10 04:15:54,Activity,1499384291
2018-04-10 05:21:04,Activity,1499723368
2018-04-10 16:55:34,Activity,1500423993
2018-04-10 16:55:40,Activity,1500175114
2018-04-10 16:55:44,Activity,1500451917
2018-04-10 16:55:48,Activity,1500222151
2018-04-10 16:57:40,Activity,1500510785
2018-04-11 02:01:45,Activity,1501528172
2018-04-11 02:10:35,Activity,1501328185
2018-04-11 19:03:47,Activity,1502399009
2018-04-11 19:03:56,Activity,1502230140
2018-04-12 01:42:04,Activity,1503427044
2018-04-12 16:31:46,Activity,1504166463
2018-04-12 23:26:25,Activity,1505048865
2018-04-13 02:49:17,Activity,1505297093
2018-04-14 14:11:24,Activity,1507794443
2018-04-15 04:24:47,Activity,1509064840
2018-04-15 18:58:26,Activity,1509851257
2018-04-18 02:16:49,Activity,1514887351
2018-04-18 02:17:46,Activity,1513973543
2018-04-18 02:31:14,Activity,1514895590
2018-04-19 16:01:12,Activity,1518260012
2018-04-19 16:01:42,Activity,1517340905
2018-04-20 03:55:22,Activity,1518934194
2018-04-21 19:16:01,Activity,1522431931
2018-04-21 22:45:53,Activity,1523340307
2018-04-21 22:46:28,Activity,1523304946
2018-04-21 22:46:32,Activity,1523304796
2018-04-23 14:47:08,Activity,1525544674
2018-04-23 14:47:10,Activity,1525735585
2018-04-24 18:57:23,Activity,1525925050
2018-04-26 21:12:22,Activity,1533675364
2018-04-27 13:17:52,Activity,1534629626
2018-04-27 19:12:16,Activity,1535021189
2018-04-28 14:17:16,Activity,1535447495
2018-04-29 01:31:47,Activity,1536837718
2018-04-29 01:32:32,Activity,1537770130
2018-04-29 01:32:45,Activity,1537717776
2018-04-29 13:50:07,Activity,1538411227
2018-04-30 16:20:29,Activity,1540173337
2018-04-30 16:21:07,Activity,1540885716
2018-04-30 16:22:36,Activity,1539413296
2018-05-01 19:40:02,Activity,1542635459
2018-05-01 19:40:15,Activity,1543586404
2018-05-02 03:32:53,Activity,1544194677
2018-05-02 03:33:11,Activity,1543997493
2018-05-02 03:33:18,Activity,1544344140
2018-05-03 05:08:53,Activity,1546379445
2018-05-03 05:08:56,Activity,1546377996
2018-05-03 18:39:28,Activity,1546950780
2018-05-04 14:31:49,Activity,1548207317
2018-05-06 04:49:45,Activity,1551834939
2018-05-06 04:49:47,Activity,1552420821
2018-05-06 04:49:50,Activity,1551834838
2018-05-06 04:50:09,Activity,1551834445
2018-05-06 04:50:18,Activity,1548237795
2018-05-06 05:10:59,Activity,1546146303
2018-05-06 05:11:03,Activity,1549536959
2018-05-06 14:00:37,Activity,1553510258
2018-05-09 15:39:55,Activity,1558815287
2018-05-09 15:39:57,Activity,1559260671
2018-05-10 03:50:19,Activity,1561264548
2018-05-10 17:39:39,Activity,1562212165
2018-05-11 16:35:12,Activity,1564320638
2018-05-14 19:54:09,Activity,1572120725
2018-05-15 03:52:30,Activity,1572470180
2018-05-15 15:46:18,Activity,1572525978
2018-05-19 00:20:00,Activity,1579845196
2018-05-19 00:20:32,Activity,1579238413
2018-05-19 00:21:33,Activity,1580301130
2018-05-19 00:21:48,Activity,1580630544
2018-05-19 00:24:52,Activity,1578933117
2018-05-19 00:25:16,Activity,1578013312
2018-05-19 00:25:23,Activity,1577062756
2018-05-20 19:47:17,Activity,1585011748
2018-05-20 19:47:40,Activity,1584914922
2018-05-20 19:48:41,Activity,1582991437
2018-05-21 03:29:18,Activity,1585575625
2018-05-21 03:29:23,Activity,1585384008
2018-05-21 03:29:29,Activity,1585383926
2018-05-21 03:30:14,Activity,1585669947
2018-05-21 03:38:26,Activity,1584634485
2018-05-21 03:38:45,Activity,1585054551
2018-05-25 01:36:46,Activity,1594045054
2018-05-25 21:33:56,Activity,1595699226
2018-05-25 21:34:14,Activity,1595695993
2018-05-26 18:04:27,Activity,1597581807
2018-05-26 18:05:32,Activity,1597203471
2018-05-26 18:05:35,Activity,1597203205
2018-05-26 18:14:39,Activity,1596067074
2018-05-26 23:22:29,Activity,1598041352
2018-05-26 23:22:40,Activity,1597859789
2018-05-27 03:48:35,Activity,1598216221
2018-05-27 19:16:38,Activity,1599975546
2018-05-28 15:52:05,Activity,1601508838
2018-05-29 14:11:53,Activity,1603671478
2018-05-29 15:46:30,Activity,1603819549
2018-05-29 22:24:02,Activity,1602882065
2018-05-29 22:48:21,Activity,1604694842
2018-05-29 22:48:42,Activity,1603942177
2018-05-29 23:57:32,Activity,1604769525
2018-05-30 13:12:06,Activity,1605043041
2018-05-30 18:01:59,Activity,1605960418
2018-05-30 18:03:18,Activity,1602165377
2018-05-31 02:31:39,Activity,1606812665
2018-05-31 02:31:45,Activity,1606952627
2018-05-31 13:08:53,Activity,1607716549
2018-05-31 13:08:56,Activity,1607792455
2018-05-31 13:09:02,Activity,1607191085
2018-06-01 03:50:37,Activity,1609187252
2018-06-01 11:25:57,Activity,1609715696
2018-06-01 13:50:55,Activity,1609930052
2018-06-02 03:28:10,Activity,1610599587
2018-06-02 15:35:00,Activity,1611933995
2018-06-02 15:35:03,Activity,1612092559
2018-06-02 15:36:07,Activity,1612213665
2018-06-02 15:36:41,Activity,1610930301
2018-06-02 20:40:39,Activity,1612718260
2018-06-02 20:40:54,Activity,1612569595
2018-06-02 22:37:00,Activity,1613098405
2018-06-03 02:28:47,Activity,1613193385
2018-06-03 16:04:33,Activity,1614384194
2018-06-03 16:04:35,Activity,1614377691
2018-06-03 16:04:47,Activity,1612766268
2018-06-04 01:41:51,Activity,1615563173
2018-06-04 02:39:22,Activity,1615695943
2018-06-04 02:39:41,Activity,1615695536
2018-06-04 02:40:02,Activity,1615876573
2018-06-04 03:09:19,Activity,1615355155
2018-06-04 14:07:16,Activity,1616472390
2018-06-04 14:07:29,Activity,1616532692
2018-06-04 14:07:30,Activity,1616013232
2018-06-04 14:07:33,Activity,1616273106
2018-06-04 14:07:34,Activity,1615940675
2018-06-04 14:07:42,Activity,1616641558
2018-06-04 21:10:07,Activity,1617415626
2018-06-05 11:39:08,Activity,1618353823
2018-06-05 21:35:00,Activity,1619219813
2018-06-05 23:02:12,Activity,1619753357
2018-06-05 23:48:57,Activity,1619795506
2018-06-06 03:05:08,Activity,1619981456
2018-06-06 21:49:26,Activity,1621861486
2018-06-06 21:49:34,Activity,1621460402
2018-06-07 01:05:28,Activity,1621926334
2018-06-07 01:09:07,Activity,1621921198
2018-06-07 17:46:18,Activity,1623260063
2018-06-08 00:07:44,Activity,1624018746
2018-06-09 14:20:05,Activity,1627150674
2018-06-09 14:49:12,Activity,1627223412
2018-06-09 14:49:14,Activity,1627223729
2018-06-09 14:49:16,Activity,1627223992
2018-06-09 15:35:07,Activity,1627366321
2018-06-09 18:16:41,Activity,1627595071
2018-06-09 21:00:44,Activity,1627752061
2018-06-09 23:15:57,Activity,1627507674
2018-06-10 18:03:33,Activity,1630069599
2018-06-10 18:05:19,Activity,1630068071
2018-06-10 19:38:34,Activity,1630472371
2018-06-10 19:56:21,Activity,1630531457
2018-06-10 22:24:00,Activity,1630743777
2018-06-11 13:35:01,Activity,1631600989
2018-06-11 22:53:14,Activity,1632688323
2018-06-12 12:58:52,Activity,1633510366
2018-06-12 17:40:52,Activity,1633667531
2018-06-12 20:36:56,Activity,1633973578
2018-06-12 20:37:34,Activity,1634148439
2018-06-12 20:37:43,Activity,1633668092
2018-06-13 01:18:50,Activity,1634867556
2018-06-14 11:44:13,Activity,1637767527
2018-06-14 13:07:52,Activity,1637811791
2018-06-14 17:58:01,Activity,1637959796
2018-06-14 17:58:07,Activity,1637958568
2018-06-14 18:02:27,Activity,1638199652
2018-06-14 18:02:31,Activity,1638071921
2018-06-14 18:02:45,Activity,1637184648
2018-06-15 03:15:46,Activity,1639112044
2018-06-15 03:16:33,Activity,1639089638
2018-06-16 16:01:07,Activity,1641957816
2018-06-16 16:01:12,Activity,1641941515
2018-06-16 16:02:01,Activity,1642076998
2018-06-16 17:25:59,Activity,1642440191
2018-06-16 18:53:11,Activity,1642751363
2018-06-16 21:36:36,Activity,1642767344
2018-06-17 15:54:47,Activity,1644696883
2018-06-17 15:55:08,Activity,1644708680
2018-06-17 15:55:15,Activity,1644637573
2018-06-17 17:40:54,Activity,1644873204
2018-06-17 20:26:22,Activity,1645280601
2018-06-18 03:25:52,Activity,1645656777
2018-06-18 16:28:27,Activity,1646552111
2018-06-18 20:56:54,Activity,1647095408
2018-06-19 13:08:36,Activity,1648256701
2018-06-19 13:52:49,Activity,1648171897
2018-06-20 01:56:23,Activity,1649654748
2018-06-20 01:57:51,Activity,1649669545
2018-06-20 01:57:53,Post,2324550
2018-06-20 01:58:00,Activity,1649499932
2018-06-20 01:58:04,Activity,1649498861
2018-06-20 01:58:05,Activity,1648724590
2018-06-20 13:48:12,Activity,1650562253
2018-06-20 15:59:47,Activity,1650612029
2018-06-20 15:59:51,Activity,1650655301
2018-06-21 02:55:31,Activity,1651963026
2018-06-21 12:05:49,Activity,1652512121
2018-06-21 19:55:35,Activity,1653398646
2018-06-21 21:51:45,Activity,1653697404
2018-06-21 22:22:56,Activity,1653695821
2018-06-21 22:22:57,Activity,1653666802
2018-06-21 22:23:00,Activity,1653342644
2018-06-21 22:23:02,Activity,1652985329
2018-06-21 22:23:07,Activity,1652995357
2018-06-21 22:23:09,Activity,1653104435
2018-06-21 22:23:15,Activity,1652861004
2018-06-21 22:23:18,Activity,1652930058
2018-06-21 23:44:11,Activity,1653823955
2018-06-22 00:20:27,Activity,1653893013
2018-06-22 00:39:32,Activity,1653909146
2018-06-22 01:31:37,Activity,1653906045
2018-06-22 02:14:24,Activity,1654014777
2018-06-22 12:22:24,Activity,1654036279
2018-06-22 14:04:50,Activity,1654715322
2018-06-22 14:50:57,Activity,1652908058
2018-06-22 17:32:24,Activity,1655018927
2018-06-22 17:36:42,Activity,1655020971
2018-06-22 18:42:43,Activity,1655150048
2018-06-22 22:15:12,Activity,1655544802
2018-06-23 03:45:42,Activity,1655498743
2018-06-23 11:50:32,Activity,1655679583
2018-06-23 12:14:14,Activity,1655865349
2018-06-23 21:04:21,Activity,1657429147
2018-06-24 12:19:38,Activity,1658945751
2018-06-24 12:47:44,Activity,1657472440
2018-06-24 15:58:38,Activity,1659496024
2018-06-24 16:51:30,Activity,1659651289
2018-06-24 16:58:21,Activity,1659678404
2018-06-24 22:41:39,Activity,1660282357
2018-06-25 13:21:31,Activity,1661133084
2018-06-25 13:21:54,Activity,1660487736
2018-06-25 13:22:01,Post,2362368
2018-06-25 15:47:45,Activity,1661267257
2018-06-25 15:47:51,Activity,1661165253
2018-06-25 15:48:12,Activity,1661185079
2018-06-25 18:28:07,Activity,1661710014
2018-06-26 01:20:43,Activity,1662357166
2018-06-26 13:30:58,Activity,1663240059
2018-06-26 13:31:03,Activity,1663253009
2018-06-27 02:50:21,Activity,1661307372
2018-06-27 13:32:10,Activity,1665537929
2018-06-27 22:01:36,Activity,1665902988
2018-06-28 02:21:55,Activity,1666780319
2018-06-28 02:22:41,Activity,1666734826
2018-06-28 15:14:25,Activity,1666951405
2018-06-28 15:14:35,Activity,1667490239
2018-06-28 15:14:41,Activity,1667766590
2018-06-28 15:14:45,Activity,1667635830
2018-06-28 15:14:47,Activity,1667649159
2018-06-28 15:14:49,Activity,1667651331
2018-06-28 15:35:34,Activity,1666787679
2018-06-28 16:48:34,Activity,1667831827
2018-06-28 18:44:16,Activity,1667986707
2018-06-28 20:02:07,Activity,1668301807
2018-06-28 20:02:13,Activity,1668312179
2018-06-28 21:17:12,Activity,1668433012
2018-06-28 22:32:56,Activity,1668519882
2018-06-28 22:33:10,Activity,1668519923
2018-06-28 22:33:25,Activity,1668523231
2018-06-28 22:33:32,Activity,1668535890
2018-06-28 22:33:38,Activity,1668224406
2018-06-28 22:33:50,Activity,1668472669
2018-06-28 22:33:57,Activity,1668437549
2018-06-28 22:33:59,Activity,1668459838
2018-06-29 14:14:25,Activity,1669599141
2018-06-29 17:22:43,Activity,1669716812
2018-06-29 17:24:59,Activity,1669754920
2018-06-29 17:37:14,Activity,1669917052
2018-06-30 14:10:50,Activity,1671762157
2018-06-30 14:10:58,Activity,1671616644
2018-06-30 14:11:09,Activity,1671763176
2018-06-30 14:11:14,Activity,1671770510
2018-06-30 14:11:24,Activity,1671784395
2018-06-30 14:11:28,Activity,1671685208
2018-06-30 14:12:02,Activity,1671616786
2018-06-30 14:12:34,Activity,1670543446
2018-06-30 14:12:40,Activity,1671710492
2018-06-30 14:12:51,Activity,1671691704
2018-06-30 14:29:37,Activity,1671842714
2018-06-30 15:45:21,Activity,1671853988
2018-06-30 16:21:21,Activity,1671804856
2018-06-30 20:34:31,Activity,1672384879
2018-07-01 22:45:45,Activity,1674613664
2018-07-01 22:45:47,Activity,1674918228
2018-07-01 22:45:56,Activity,1674861937
2018-07-01 22:46:09,Activity,1674295867
2018-07-01 22:46:19,Activity,1674396800
2018-07-01 22:48:01,Activity,1674235969
2018-07-01 22:48:35,Activity,1674637428
2018-07-01 22:48:42,Activity,1674068483
2018-07-01 22:48:43,Activity,1674373460
2018-07-01 22:48:49,Activity,1675018383
2018-07-01 22:48:50,Activity,1675014458
2018-07-01 22:48:51,Activity,1674209728
2018-07-01 22:49:37,Activity,1674640511
2018-07-01 22:49:49,Activity,1674506366
2018-07-02 14:44:29,Activity,1675526674
2018-07-02 15:50:49,Activity,1676083583
2018-07-02 21:43:15,Activity,1676659500
2018-07-02 21:43:48,Activity,1676455544
2018-07-02 22:51:35,Activity,1676978419
2018-07-03 12:55:37,Activity,1677145302
2018-07-03 12:56:15,Activity,1677346068
2018-07-03 12:56:17,Activity,1677960612
2018-07-03 12:56:25,Activity,1677282031
2018-07-03 12:56:28,Activity,1677303975
2018-07-03 18:22:43,Activity,1678552712
2018-07-04 02:14:33,Activity,1679305697
2018-07-04 02:14:38,Activity,1679269981
2018-07-04 02:15:11,Activity,1679245904
2018-07-04 16:59:10,Activity,1680442185
2018-07-04 16:59:11,Activity,1680656332
2018-07-04 16:59:13,Activity,1680442141
2018-07-04 17:00:53,Activity,1680442145
2018-07-04 17:40:21,Activity,1680790383
2018-07-04 21:49:40,Activity,1681440039
2018-07-04 21:50:14,Activity,1681440031
2018-07-05 00:34:12,Activity,1681648045
2018-07-05 00:34:15,Activity,1681648829
2018-07-05 13:34:21,Activity,1682367290
2018-07-05 21:55:44,Post,2442119
2018-07-05 21:55:48,Activity,1682517664
2018-07-06 12:27:21,Activity,1684427575
2018-07-06 14:42:45,Activity,1684619832
2018-07-06 14:42:54,Activity,1684542489
2018-07-06 14:43:12,Activity,1684498669
2018-07-07 13:51:45,Activity,1686556472
2018-07-07 14:50:00,Activity,1686712731
2018-07-07 14:51:34,Activity,1686708168
2018-07-08 12:50:02,Activity,1687105949
2018-07-08 12:50:02,Activity,1686821822
2018-07-08 12:50:26,Activity,1687328044
2018-07-08 12:50:35,Activity,1686856613
2018-07-08 12:52:29,Activity,1686915369
2018-07-08 12:52:39,Activity,1687258982
2018-07-08 12:52:51,Activity,1686795513
2018-07-08 12:52:55,Activity,1687145529
2018-07-08 13:54:50,Activity,1688882566
2018-07-08 13:58:59,Activity,1686820523
2018-07-08 21:57:07,Activity,1689932219
2018-07-08 21:57:12,Activity,1689660023
2018-07-08 22:00:26,Activity,1660214471
2018-07-09 11:57:41,Activity,1690372530
2018-07-10 13:30:42,Activity,1693104055
2018-07-10 13:30:45,Activity,1693249863
2018-07-10 13:30:57,Activity,1692944915
2018-07-10 13:31:02,Activity,1693178211
2018-07-10 16:54:45,Activity,1693597351
2018-07-10 16:54:47,Activity,1693345868
2018-07-10 16:54:54,Activity,1693455301
2018-07-10 16:56:02,Activity,1693296462
2018-07-11 02:30:54,Activity,1694325968
2018-07-11 02:31:18,Activity,1694547667
2018-07-11 04:17:42,Activity,1694365578
2018-07-11 04:17:48,Activity,1694452204
2018-07-11 13:24:18,Activity,1695276932
2018-07-11 15:50:05,Activity,1695461598
2018-07-11 15:50:08,Activity,1695506451
2018-07-11 15:50:20,Activity,1695578463
2018-07-11 19:07:16,Activity,1695798069
2018-07-11 23:12:35,Activity,1696512249
2018-07-12 01:24:19,Activity,1696615247
2018-07-12 01:24:53,Activity,1696662412
2018-07-12 01:25:27,Activity,1696585138
2018-07-12 01:25:30,Activity,1696663298
2018-07-12 01:25:51,Activity,1696536907
2018-07-12 13:16:55,Activity,1697411542
2018-07-12 13:17:12,Activity,1697537771
2018-07-12 16:42:46,Activity,1697889196
2018-07-12 21:13:26,Activity,1698481705
2018-07-12 21:13:29,Activity,1698080498
2018-07-12 21:13:39,Activity,1697820917
2018-07-13 13:27:44,Activity,1699678242
2018-07-13 13:28:33,Activity,1699660824
2018-07-13 13:28:37,Activity,1699639679
2018-07-13 15:25:21,Activity,1699794522
2018-07-13 15:37:57,Activity,1699758142
2018-07-13 17:56:13,Activity,1700001940
2018-07-13 17:56:20,Activity,1700033668
2018-07-14 13:38:36,Activity,1701000613
2018-07-14 13:39:52,Activity,1700586627
2018-07-14 14:30:59,Activity,1701977869
2018-07-14 16:04:27,Activity,1702052005
2018-07-14 16:04:57,Activity,1701998754
2018-07-14 16:49:59,Activity,1702277295
2018-07-14 18:38:15,Activity,1702535441
2018-07-14 20:53:03,Activity,1702574634
2018-07-14 20:53:05,Activity,1702618113
2018-07-14 20:53:11,Activity,1702598196
2018-07-14 20:53:13,Activity,1702598820
2018-07-15 01:07:24,Activity,1702793407
2018-07-16 00:43:17,Activity,1705094534
2018-07-16 00:44:12,Activity,1704995247
2018-07-16 01:02:56,Activity,1704452924
2018-07-16 01:03:18,Activity,1704382042
2018-07-16 01:03:19,Activity,1704617375
2018-07-16 13:29:18,Activity,1706307366
2018-07-16 13:29:19,Activity,1706277510
2018-07-16 13:29:23,Activity,1706210803
2018-07-16 13:29:38,Activity,1706035699
2018-07-16 14:20:14,Activity,1706336639
2018-07-16 17:42:12,Activity,1706428227
2018-07-16 22:49:45,Activity,1707238639
2018-07-17 11:25:15,Activity,1708153511
2018-07-17 15:25:03,Activity,1708349811
2018-07-17 15:25:44,Activity,1708454423
2018-07-17 23:24:33,Activity,1709568373
2018-07-17 23:24:52,Activity,1709533428
2018-07-17 23:53:00,Activity,1688975632
2018-07-17 23:53:03,Activity,1686765898
2018-07-18 11:55:23,Activity,1709885028
2018-07-18 11:55:40,Activity,1709898329
2018-07-18 11:55:50,Activity,1709829916
2018-07-18 12:42:27,Activity,1709706707
2018-07-18 15:14:19,Activity,1710757312
2018-07-18 15:14:41,Activity,1710859807
2018-07-18 16:16:15,Activity,1710964880
2018-07-18 16:16:17,Activity,1710739205
2018-07-18 16:16:21,Activity,1710733187
2018-07-18 18:16:29,Activity,1710924406
2018-07-19 02:52:10,Activity,1712226418
2018-07-19 03:48:43,Activity,1712241463
2018-07-19 03:49:50,Activity,1712226311
2018-07-19 03:50:10,Activity,1711901951
2018-07-19 03:50:12,Activity,1711776726
2018-07-19 03:50:13,Activity,1711793059
2018-07-19 03:50:16,Activity,1711069076
2018-07-19 12:47:25,Activity,1712883282
2018-07-19 12:47:32,Activity,1712685048
2018-07-19 12:47:36,Activity,1712349328
2018-07-19 12:47:55,Activity,1712953708
2018-07-19 14:34:14,Activity,1713040957
2018-07-19 14:35:16,Activity,1713154192
2018-07-19 14:36:20,Activity,1713147456
2018-07-19 14:36:52,Activity,1713035248
2018-07-19 16:54:21,Activity,1713353167
2018-07-19 16:55:31,Activity,1713353995
2018-07-20 00:37:37,Activity,1714194457
2018-07-20 02:22:59,Activity,1714291021
2018-07-20 11:41:18,Activity,1715042679
2018-07-20 11:41:21,Activity,1715042749
2018-07-20 13:19:24,Activity,1715184674
2018-07-20 13:19:59,Activity,1715154923
2018-07-20 15:16:53,Activity,1715391643
2018-07-20 16:14:58,Activity,1715425012
2018-07-20 20:37:00,Activity,1715631440
2018-07-20 20:37:04,Activity,1715534680
2018-07-20 22:27:01,Activity,1716062818
2018-07-21 01:46:20,Activity,1716227107
2018-07-21 12:25:37,Post,2546073
2018-07-21 15:40:11,Activity,1717305910
2018-07-21 17:31:16,Activity,1717954804
2018-07-22 01:22:49,Activity,1718667759
2018-07-22 15:29:21,Activity,1720221669
2018-07-22 15:30:41,Activity,1720363503
2018-07-22 16:01:48,Activity,1720525407
2018-07-22 16:06:03,Activity,1720494261
2018-07-22 16:06:11,Activity,1720506278
2018-07-22 16:25:08,Activity,1720514249
2018-07-22 16:41:12,Activity,1720619901
2018-07-22 17:33:13,Activity,1719057318
2018-07-22 17:36:04,Activity,1720734978
2018-07-22 20:28:31,Activity,1721163801
2018-07-22 22:21:04,Activity,1721163390
2018-07-23 11:40:45,Activity,1721578369
2018-07-23 14:47:09,Activity,1722357286
2018-07-23 14:47:12,Activity,1722360076
2018-07-23 14:47:15,Activity,1722290031
2018-07-23 14:47:18,Activity,1722282798
2018-07-23 17:27:38,Activity,1722609886
2018-07-23 22:11:57,Activity,1723114688
2018-07-23 22:27:46,Activity,1708437880
2018-07-24 00:15:14,Activity,1723411068
2018-07-24 01:00:33,Activity,1723429540
2018-07-24 13:36:29,Activity,1724329156
2018-07-24 13:37:10,Activity,1724429988
2018-07-24 13:37:14,Activity,1724265746
2018-07-24 14:36:39,Activity,1724491124
2018-07-24 16:19:25,Activity,1724616605
2018-07-24 16:19:57,Activity,1724540316
2018-07-24 17:38:05,Activity,1724480371
2018-07-25 13:01:28,Activity,1726627176
2018-07-25 13:07:19,Activity,1726645382
2018-07-25 13:07:21,Activity,1726626382
2018-07-25 13:07:23,Activity,1726626688
2018-07-25 13:07:28,Activity,1725879877
2018-07-25 17:49:59,Activity,1727043311
2018-07-25 18:54:56,Activity,1727383588
2018-07-26 11:32:55,Activity,1728704507
2018-07-26 17:38:03,Activity,1729481091
2018-07-26 21:23:58,Activity,1729896028
2018-07-27 11:31:14,Activity,1730375306
2018-07-27 13:47:52,Activity,1731124523
2018-07-27 13:47:53,Activity,1731131110
2018-07-27 13:48:13,Activity,1731104565
2018-07-27 16:57:43,Activity,1731355854
2018-07-27 16:59:42,Activity,1731414449
2018-07-27 23:07:03,Activity,1731919511
2018-07-28 00:50:29,Activity,1732030011
2018-07-28 13:58:08,Activity,1733211177
2018-07-28 14:00:48,Activity,1733230755
2018-07-28 15:38:46,Activity,1733402718
2018-07-28 15:52:25,Activity,1733337670
2018-07-28 16:45:46,Activity,1733679929
2018-07-28 16:54:49,Activity,1733674141
2018-07-28 16:55:42,Activity,1733662552
2018-07-29 16:51:05,Activity,1736108077
2018-07-29 17:03:18,Activity,1736121980
2018-07-29 17:04:37,Activity,1735926993
2018-07-29 21:38:52,Activity,1736690804
2018-07-29 22:59:31,Activity,1736806374
2018-07-30 02:34:35,Activity,1736976005
2018-07-31 13:44:18,Activity,1739963017
2018-07-31 13:44:47,Activity,1738957919
2018-07-31 13:45:08,Activity,1739029032
2018-08-01 01:00:12,Activity,1741249539
2018-08-01 22:45:46,Activity,1743520817
2018-08-01 22:46:10,Post,2656644
2018-08-02 13:24:31,Activity,1744635141
2018-08-02 13:24:37,Activity,1744635121
2018-08-02 13:25:03,Activity,1743962744
2018-08-02 18:28:10,Activity,1744980704
2018-08-02 22:14:32,Activity,1745545560
2018-08-02 22:16:27,Activity,1744901904
2018-08-03 01:54:58,Activity,1746070303
2018-08-03 02:00:53,Activity,1746070005
2018-08-03 02:00:57,Activity,1746069491
2018-08-03 02:01:00,Activity,1746070542
2018-08-03 02:01:07,Activity,1746069645
2018-08-03 02:01:11,Activity,1746014796
2018-08-03 02:02:53,Activity,1745988290
2018-08-03 03:41:34,Activity,1745899712
2018-08-03 03:41:37,Activity,1745852125
2018-08-03 13:11:28,Activity,1746860162
2018-08-03 17:39:29,Activity,1747257363
2018-08-03 17:39:32,Activity,1747066319
2018-08-03 18:46:15,Activity,1747388318
2018-08-04 15:06:11,Activity,1749188582
2018-08-04 15:06:46,Activity,1749198871
2018-08-04 15:06:55,Activity,1749267866
2018-08-04 15:18:04,Activity,1749301907
2018-08-05 00:24:30,Activity,1750028726
2018-08-05 22:29:28,Activity,1751948839
2018-08-05 23:57:09,Activity,1752776474
2018-08-06 02:00:20,Activity,1752723641
2018-08-06 02:00:27,Activity,1752730863
2018-08-06 03:30:27,Activity,1752979464
2018-08-06 17:49:57,Activity,1754043456
2018-08-06 18:20:25,Activity,1754052871
2018-08-06 18:20:28,Activity,1754090425
2018-08-06 18:20:29,Activity,1754235731
2018-08-06 18:20:31,Activity,1753897231
2018-08-06 18:20:35,Activity,1753911162
2018-08-06 18:20:37,Activity,1753938450
2018-08-06 18:20:39,Activity,1753102566
2018-08-06 19:03:28,Activity,1754429097
2018-08-07 05:13:13,Activity,1755084856
2018-08-07 13:52:46,Activity,1755886523
2018-08-07 13:52:52,Activity,1755780279
2018-08-07 13:53:44,Activity,1755640751
2018-08-07 14:30:35,Activity,1756062886
2018-08-07 17:45:41,Activity,1756224579
2018-08-07 19:23:01,Activity,1756651568
2018-08-07 21:39:25,Activity,1756869512
2018-08-07 21:39:27,Activity,1756860281
2018-08-07 21:39:29,Activity,1756477747
2018-08-07 23:36:44,Activity,1757151505
2018-08-07 23:36:46,Activity,1757151091
2018-08-07 23:36:48,Activity,1757110498
2018-08-07 23:36:49,Activity,1757112897
2018-08-07 23:36:53,Activity,1757128419
2018-08-08 01:52:37,Activity,1757192903
2018-08-08 01:52:47,Activity,1757233075
2018-08-08 01:52:49,Activity,1757249254
2018-08-08 01:52:51,Activity,1757316284
2018-08-08 01:52:54,Activity,1757292390
2018-08-08 01:52:57,Activity,1757284061
2018-08-08 01:53:01,Activity,1757249314
2018-08-08 15:50:04,Activity,1758381110
2018-08-08 15:50:37,Activity,1757630390
2018-08-08 16:14:46,Activity,1758598003
2018-08-08 16:14:47,Activity,1758583618
2018-08-08 16:14:50,Activity,1758594760
2018-08-08 16:14:52,Activity,1758593354
2018-08-08 16:27:03,Activity,1758585370
2018-08-08 16:27:08,Activity,1758525506
2018-08-08 16:45:16,Activity,1758691158
2018-08-08 17:21:01,Activity,1758768402
2018-08-08 17:21:12,Activity,1758749958
2018-08-08 21:33:42,Activity,1759022659
2018-08-08 21:33:45,Activity,1759049172
2018-08-09 12:43:37,Activity,1759746918
2018-08-09 16:42:24,Activity,1760656025
2018-08-09 16:43:04,Activity,1760832671
2018-08-09 17:02:53,Activity,1760749191
2018-08-09 17:54:53,Activity,1760983498
2018-08-09 23:13:46,Activity,1761562439
2018-08-09 23:13:50,Activity,1761546325
2018-08-09 23:36:12,Activity,1761610673
2018-08-10 01:39:51,Activity,1761727174
2018-08-10 02:42:27,Activity,1761657637
2018-08-10 15:36:39,Activity,1762809116
2018-08-10 19:07:55,Activity,1763061906
2018-08-10 21:17:44,Activity,1763268094
2018-08-10 23:51:44,Activity,1763539511
2018-08-11 01:41:16,Activity,1763598824
2018-08-11 12:33:45,Activity,1764579344
2018-08-11 16:03:19,Activity,1765081530
2018-08-11 16:06:46,Activity,1764930096
2018-08-11 16:07:10,Activity,1765072812
2018-08-11 16:07:30,Activity,1761787145
2018-08-11 16:07:37,Activity,1761785154
2018-08-11 18:45:20,Activity,1764716317
2018-08-11 18:45:21,Activity,1765482924
2018-08-11 18:45:24,Activity,1765470164
2018-08-11 18:45:32,Activity,1765248168
2018-08-11 19:31:55,Activity,1765511756
2018-08-11 19:32:47,Activity,1765558241
2018-08-11 19:32:50,Activity,1765558631
2018-08-11 19:32:54,Activity,1765468864
2018-08-11 21:48:24,Activity,1763679378
2018-08-11 21:52:34,Activity,1765672658
2018-08-12 01:41:46,Activity,1766002742
2018-08-12 16:33:46,Activity,1767511760
2018-08-12 16:41:10,Activity,1767424391
2018-08-12 16:41:12,Activity,1767440815
2018-08-12 17:02:23,Activity,1767553897
2018-08-12 20:28:33,Activity,1767808384
2018-08-12 21:32:09,Activity,1768199133
2018-08-12 21:32:10,Activity,1768197968
2018-08-12 21:32:12,Activity,1768196368
2018-08-12 21:32:19,Activity,1768213468
2018-08-12 21:37:21,Activity,1768092083
2018-08-12 23:08:22,Activity,1768274065
2018-08-13 00:24:10,Activity,1768361181
2018-08-13 00:54:44,Activity,1768396325
2018-08-13 16:52:08,Activity,1769334504
2018-08-13 22:41:24,Activity,1770258306
2018-08-14 01:55:46,Activity,1770340435
2018-08-14 01:55:48,Activity,1770361963
2018-08-14 01:55:51,Activity,1770423216
2018-08-14 01:56:20,Activity,1770327752
2018-08-14 01:56:21,Activity,1770449367
2018-08-14 01:57:25,Activity,1770443310
2018-08-14 15:21:33,Activity,1771568510
2018-08-14 17:47:33,Activity,1771862115
2018-08-15 15:37:22,Activity,1774102050
2018-08-15 19:19:13,Activity,1774565821
2018-08-16 01:04:56,Activity,1775202791
2018-08-16 01:05:01,Activity,1775192941
2018-08-16 01:05:07,Activity,1775077818
2018-08-16 01:05:22,Activity,1775103464
2018-08-16 17:17:52,Activity,1776136890
2018-08-16 17:17:57,Activity,1776280195
2018-08-16 17:18:00,Activity,1776139515
2018-08-16 19:47:31,Activity,1776532704
2018-08-17 03:30:40,Activity,1777375581
2018-08-17 12:08:37,Activity,1777436865
2018-08-17 16:50:52,Activity,1778649701
2018-08-17 18:51:37,Activity,1778605860
2018-08-17 23:47:58,Activity,1778974204
2018-08-17 23:47:59,Activity,1778974707
2018-08-17 23:48:01,Activity,1778977327
2018-08-18 02:45:15,Activity,1779403795
2018-08-18 02:45:30,Activity,1779422679
2018-08-18 16:37:28,Activity,1780419307
2018-08-18 16:37:48,Activity,1780713347
2018-08-18 16:45:23,Activity,1780871906
2018-08-18 19:46:34,Activity,1781242611
2018-08-19 01:09:08,Activity,1781714301
2018-08-19 01:09:32,Activity,1781659591
2018-08-19 01:10:14,Activity,1781523115
2018-08-19 01:36:50,Activity,1781752764
2018-08-19 01:37:54,Activity,1781753185
2018-08-19 14:28:48,Activity,1782711098
2018-08-19 16:27:49,Activity,1783308363
2018-08-19 16:28:03,Activity,1783240752
2018-08-19 16:28:04,Activity,1783233560
2018-08-19 16:28:11,Activity,1783407938
2018-08-19 16:29:48,Activity,1783227045
2018-08-19 19:53:51,Activity,1783792789
2018-08-19 19:53:54,Activity,1783610724
2018-08-20 13:23:42,Activity,1784356281
2018-08-20 13:23:49,Activity,1784211307
2018-08-20 13:24:06,Activity,1784174234
2018-08-20 13:24:17,Activity,1784174260
2018-08-20 16:22:51,Activity,1785430111
2018-08-20 19:51:53,Activity,1785899319
2018-08-20 19:52:47,Activity,1785899815
2018-08-20 23:10:53,Activity,1786083707
2018-08-21 00:32:18,Activity,1785839775
2018-08-21 13:09:50,Activity,1786601010
2018-08-21 21:12:22,Activity,1788244767
2018-08-21 22:42:52,Activity,1788562669
2018-08-21 22:42:55,Activity,1788547768
2018-08-21 22:43:16,Activity,1788533556
2018-08-21 22:43:18,Activity,1788533661
2018-08-21 22:43:21,Activity,1788533790
2018-08-21 22:43:24,Activity,1788534052
2018-08-21 22:43:27,Activity,1788533842
2018-08-22 03:16:18,Activity,1788815740
2018-08-22 03:16:21,Activity,1788902848
2018-08-22 03:16:48,Activity,1788822387
2018-08-22 03:17:42,Post,2830520
2018-08-22 16:02:01,Activity,1790026542
2018-08-22 19:51:30,Activity,1790598360
2018-08-22 23:07:04,Activity,1790923233
2018-08-22 23:07:36,Activity,1790779008
2018-08-23 03:14:21,Activity,1791222676
2018-08-23 03:16:40,Activity,1791203206
2018-08-23 03:16:45,Activity,1791202272
2018-08-23 03:21:51,Activity,1791061204
2018-08-23 12:26:54,Activity,1791349659
2018-08-23 12:26:57,Activity,1791341549
2018-08-23 15:59:49,Activity,1792256136
2018-08-24 02:34:31,Activity,1793189985
2018-08-24 02:34:41,Activity,1793199412
2018-08-24 02:35:25,Activity,1792625493
2018-08-24 02:35:58,Activity,1792537246
2018-08-24 02:35:58,Activity,1792359070
2018-08-24 02:36:01,Activity,1792899908
2018-08-24 02:36:08,Activity,1792285138
2018-08-24 02:36:22,Activity,1792234492
2018-08-24 02:36:33,Activity,1792216531
2018-08-24 16:49:49,Activity,1794375990
2018-08-24 16:50:35,Post,2845964
2018-08-25 13:18:14,Activity,1794589639
2018-08-25 18:53:33,Activity,1796771348
2018-08-25 18:53:52,Activity,1796772588
2018-08-25 18:57:51,Activity,1796379788
2018-08-25 20:08:08,Activity,1797113230
2018-08-25 20:16:05,Activity,1796475732
2018-08-26 16:34:55,Activity,1798873416
2018-08-26 16:39:33,Activity,1799164304
2018-08-26 18:16:04,Activity,1799000662
2018-08-26 19:54:45,Activity,1799581015
2018-08-27 03:41:38,Activity,1799830767
2018-08-27 03:42:34,Activity,1799755383
2018-08-27 23:41:13,Activity,1801073637
2018-08-27 23:41:37,Activity,1801309466
2018-08-27 23:44:26,Activity,1801813264
2018-08-28 12:01:43,Activity,1802544540
2018-08-28 12:01:51,Activity,1802543767
2018-08-28 16:35:51,Activity,1802995301
2018-08-28 16:35:52,Activity,1803033312
2018-08-28 19:47:44,Activity,1803847272
2018-08-28 21:35:46,Activity,1804036459
2018-08-28 22:18:11,Activity,1803258385
2018-08-28 22:18:13,Activity,1803133954
2018-08-28 22:54:48,Activity,1804138010
2018-08-28 23:58:35,Activity,1804243421
2018-08-29 12:55:37,Activity,1804475333
2018-08-29 16:37:39,Activity,1805561742
2018-08-29 17:38:59,Activity,1805714246
2018-08-30 12:48:23,Activity,1807323306
2018-08-30 12:48:54,Activity,1806454802
2018-08-30 12:48:58,Activity,1805588581
2018-08-30 12:48:59,Activity,1805640345
2018-08-30 12:49:26,Activity,1806679093
2018-08-30 12:49:53,Activity,1806607754
2018-08-30 12:50:25,Activity,1806413156
2018-08-30 12:50:39,Activity,1807132081
2018-08-30 12:51:17,Activity,1807131513
2018-08-30 12:51:20,Activity,1807130617
2018-08-30 12:52:32,Activity,1806342521
2018-08-30 12:52:43,Activity,1806303240
2018-08-30 12:53:02,Activity,1806304006
2018-08-30 12:53:24,Activity,1805475965
2018-08-30 12:55:06,Activity,1805797478
2018-08-30 12:55:17,Activity,1805722392
2018-08-30 16:15:35,Activity,1807672211
2018-08-30 16:15:36,Activity,1807653432
2018-08-30 16:15:38,Activity,1807725415
2018-08-30 17:07:39,Activity,1807866441
2018-08-30 22:19:23,Activity,1808488513
2018-08-31 00:58:02,Activity,1808749555
2018-08-31 16:46:36,Activity,1809943376
2018-08-31 16:48:52,Activity,1810004610
2018-08-31 20:30:48,Activity,1810264948
2018-09-01 03:00:56,Activity,1810784388
2018-09-01 17:13:25,Activity,1812193474
2018-09-01 17:13:27,Activity,1812273706
2018-09-01 17:13:28,Activity,1811942868
2018-09-01 17:13:29,Activity,1811933102
2018-09-01 17:13:31,Activity,1812189225
2018-09-01 17:13:33,Activity,1812125103
2018-09-01 17:13:34,Activity,1812180464
2018-09-01 17:14:01,Activity,1812164459
2018-09-01 17:15:16,Activity,1812277005
2018-09-01 17:31:19,Activity,1812378896
2018-09-01 19:40:59,Activity,1812405774
2018-09-01 19:41:00,Activity,1810634318
2018-09-01 19:43:57,Activity,1812500920
2018-09-02 11:45:26,Activity,1812759226
2018-09-02 11:46:31,Activity,1812866542
2018-09-02 11:46:39,Activity,1812942078
2018-09-02 16:50:11,Activity,1814682494
2018-09-02 17:00:08,Activity,1814436928
2018-09-02 17:00:09,Activity,1814301028
2018-09-02 20:22:01,Activity,1815224896
2018-09-02 20:44:52,Activity,1815405102
2018-09-02 20:46:23,Activity,1815061236
2018-09-02 20:46:31,Activity,1814906919
2018-09-02 20:47:11,Activity,1814731656
2018-09-02 20:47:15,Activity,1814724689
2018-09-02 20:47:19,Activity,1814727168
2018-09-03 20:12:41,Activity,1817153113
2018-09-03 23:54:53,Activity,1817714918
2018-09-04 12:18:47,Activity,1817853522
2018-09-04 12:19:06,Activity,1811623630
2018-09-04 12:19:12,Activity,1811622410
2018-09-04 12:29:19,Activity,1817758471
2018-09-04 12:29:36,Activity,1816761132
2018-09-04 18:38:16,Activity,1819119858
2018-09-05 18:38:42,Activity,1821508104
2018-09-05 23:58:13,Activity,1822235677
2018-09-05 23:59:50,Activity,1821389274
2018-09-06 03:13:22,Activity,1822376903
2018-09-06 04:11:41,Activity,1822483690
2018-09-06 04:14:28,Activity,1822430647
2018-09-06 04:14:33,Activity,1822352815
2018-09-06 17:44:38,Activity,1823529923
2018-09-06 17:44:54,Activity,1823341279
2018-09-07 00:49:37,Activity,1824388073
2018-09-07 00:49:52,Activity,1824082475
2018-09-07 01:05:14,Activity,1824420298
2018-09-07 14:09:41,Activity,1825203014
2018-09-07 14:10:00,Activity,1824603748
2018-09-08 02:58:38,Activity,1826372109
2018-09-08 13:17:10,Activity,1827361312
2018-09-08 18:42:21,Activity,1827913561
2018-09-08 18:42:23,Activity,1828056178
2018-09-08 21:32:25,Activity,1828239094
2018-09-09 01:02:31,Activity,1828491336
2018-09-09 15:32:03,Activity,1830349161
2018-09-09 15:32:13,Activity,1830185935
2018-09-09 17:19:32,Activity,1830373881
2018-09-09 17:19:33,Activity,1830354953
2018-09-09 21:44:33,Activity,1830759434
2018-09-10 14:28:09,Activity,1831395539
2018-09-10 14:28:11,Activity,1832204648
2018-09-10 15:40:21,Activity,1832333567
2018-09-11 02:23:20,Activity,1833439195
2018-09-11 03:05:46,Activity,1833400474
2018-09-11 03:05:49,Activity,1833218502
2018-09-11 03:05:51,Activity,1833347968
2018-09-11 03:05:57,Activity,1833454506
2018-09-11 12:26:23,Activity,1828188329
2018-09-11 12:26:56,Activity,1834050315
2018-09-12 03:44:04,Activity,1835726303
2018-09-12 12:54:47,Activity,1836516644
2018-09-13 01:55:26,Activity,1837804749
2018-09-13 01:55:29,Activity,1837804638
2018-09-13 02:38:16,Activity,1837998052
2018-09-13 04:08:57,Activity,1837978891
2018-09-13 14:32:01,Activity,1838645444
2018-09-13 15:44:22,Activity,1838959297
2018-09-14 02:57:30,Activity,1840085354
2018-09-14 14:12:45,Activity,1840769608
2018-09-14 15:41:12,Activity,1840548371
2018-09-14 15:41:27,Activity,1840917477
2018-09-14 15:41:28,Activity,1840793465
2018-09-14 15:41:29,Activity,1840816189
2018-09-14 15:41:33,Activity,1840918916
2018-09-14 15:41:49,Activity,1840944250
2018-09-14 15:41:54,Activity,1840964259
2018-09-14 15:42:11,Activity,1840067903
2018-09-15 17:43:47,Activity,1843568258
2018-09-15 17:43:57,Activity,1843585487
2018-09-15 17:44:17,Activity,1843520076
2018-09-15 17:44:29,Activity,1843376506
2018-09-15 17:44:37,Activity,1843520121
2018-09-15 22:05:52,Activity,1843698982
2018-09-16 05:58:49,Activity,1844343289
2018-09-16 19:20:30,Activity,1846463551
2018-09-16 19:20:34,Activity,1846182929
2018-09-17 01:58:19,Activity,1846182634
2018-09-17 14:59:25,Activity,1846837612
2018-09-18 03:48:41,Activity,1848852275
2018-09-18 15:25:05,Activity,1849715687
2018-09-18 18:13:48,Activity,1850090541
2018-09-19 02:50:57,Activity,1851101697
2018-09-19 03:05:30,Activity,1851251136
2018-09-19 16:59:12,Activity,1852170484
2018-09-20 02:18:42,Activity,1853267636
2018-09-20 02:21:25,Activity,1853034985
2018-09-20 02:21:40,Activity,1853200727
2018-09-20 03:44:30,Activity,1853484531
2018-09-20 04:03:09,Activity,1851100510
2018-09-21 01:24:45,Activity,1855368128
2018-09-21 14:37:05,Activity,1855330747
2018-09-21 14:37:07,Activity,1854518165
2018-09-21 17:08:51,Activity,1856420571
2018-09-21 17:08:56,Activity,1856433698
2018-09-21 17:09:07,Activity,1856291710
2018-09-21 18:56:38,Activity,1856667946
2018-09-22 01:34:23,Activity,1857158967
2018-09-22 18:28:26,Activity,1858096791
2018-09-22 20:31:09,Activity,1859007749
2018-09-22 20:31:22,Activity,1859053531
2018-09-22 20:31:25,Activity,1858744146
2018-09-22 20:31:27,Activity,1859032543
2018-09-22 20:31:38,Activity,1859000817
2018-09-22 21:48:31,Activity,1859214662
2018-09-23 19:56:02,Activity,1861399504
2018-09-23 19:58:33,Activity,1861431201
2018-09-23 19:58:51,Activity,1861079154
2018-09-23 19:58:53,Activity,1861058094
2018-09-24 01:49:08,Activity,1861842501
2018-09-24 01:49:17,Activity,1861753599
2018-09-24 03:05:54,Activity,1861922983
2018-09-24 13:59:30,Activity,1862014242
2018-09-24 17:34:21,Activity,1863017898
2018-09-24 17:34:25,Activity,1863000057
2018-09-25 00:45:01,Activity,1863800682
2018-09-25 19:16:50,Activity,1864961381
2018-09-26 01:07:44,Activity,1865954260
2018-09-26 01:07:46,Activity,1865973707
2018-09-27 03:53:38,Activity,1868158231
2018-09-27 15:33:22,Activity,1868893514
2018-09-28 18:59:49,Activity,1870083327
2018-09-28 23:58:40,Activity,1871845132
2018-09-28 23:58:45,Activity,1871844445
2018-09-29 00:46:00,Activity,1871824210
2018-09-29 00:46:01,Activity,1871867138
2018-09-29 21:04:37,Activity,1873900286
2018-09-30 18:09:38,Activity,1876056436
2018-09-30 18:10:00,Activity,1875890496
2018-09-30 18:10:13,Activity,1875812756
2018-10-01 01:07:23,Activity,1876514949
2018-10-01 01:07:41,Activity,1876530046
2018-10-01 01:07:49,Activity,1876687940
2018-10-01 01:07:51,Activity,1876688116
2018-10-02 00:35:15,Activity,1878420912
2018-10-02 00:35:32,Activity,1878495977
2018-10-03 01:13:28,Activity,1880572737
2018-10-03 17:35:08,Post,3169825
2018-10-04 03:08:03,Activity,1882767520
2018-10-04 04:27:02,Activity,1882863359
2018-10-04 04:27:05,Activity,1882536371
2018-10-04 04:27:05,Activity,1882873909
2018-10-04 04:27:08,Activity,1882789311
2018-10-04 13:50:57,Activity,1882914818
2018-10-05 03:52:10,Activity,1884784946
2018-10-05 03:52:13,Activity,1884785465
2018-10-06 13:36:13,Activity,1885924138
2018-10-07 13:44:16,Activity,1889883223
2018-10-07 21:51:13,Activity,1890974663
2018-10-07 23:06:00,Activity,1891036541
2018-10-07 23:06:13,Activity,1891036046
2018-10-07 23:06:15,Activity,1891035628
2018-10-07 23:06:16,Activity,1891035445
2018-10-08 03:15:18,Activity,1891145134
2018-10-08 15:41:20,Activity,1891803317
2018-10-09 23:39:30,Activity,1895011025
2018-10-09 23:39:41,Activity,1893001220
2018-10-09 23:40:15,Activity,1893000570
2018-10-10 00:06:38,Activity,1887500726
2018-10-10 12:55:08,Activity,1895842603
2018-10-11 02:24:43,Activity,1897190154
2018-10-11 02:41:22,Activity,1897142882
2018-10-12 00:44:47,Activity,1899000305
2018-10-12 00:45:03,Activity,1898976082
2018-10-12 00:45:04,Activity,1898982743
2018-10-12 00:45:09,Activity,1898988028
2018-10-12 00:46:20,Activity,1899015312
2018-10-12 00:46:51,Activity,1898966750
2018-10-12 00:46:54,Activity,1898751291
2018-10-13 12:41:51,Activity,1900971785
2018-10-13 12:41:51,Activity,1900964825
2018-10-13 19:25:36,Activity,1902727478
2018-10-13 19:25:36,Activity,1902724076
2018-10-13 19:25:42,Activity,1902637395
2018-10-13 23:29:37,Activity,1902808457
2018-10-13 23:30:06,Activity,1902763592
2018-10-13 23:30:20,Activity,1902763794
2018-10-13 23:30:30,Activity,1902808587
2018-10-13 23:30:34,Activity,1902759989
2018-10-14 03:24:24,Activity,1902828819
2018-10-14 03:24:31,Activity,1901052882
2018-10-14 03:41:33,Activity,1903231393
2018-10-14 19:06:10,Activity,1905075260
2018-10-14 21:04:55,Activity,1905369395
2018-10-14 21:17:01,Activity,1905326646
2018-10-15 14:44:09,Activity,1905675197
2018-10-15 17:23:55,Activity,1906410004
2018-10-15 21:26:51,Activity,1907093504
2018-10-16 01:03:08,Activity,1907347708
2018-10-16 01:03:11,Activity,1907348117
2018-10-16 01:03:13,Activity,1907347474
2018-10-16 04:16:23,Activity,1905312942
2018-10-16 04:16:25,Activity,1905313015
2018-10-17 17:14:11,Activity,1910647457
2018-10-19 17:54:13,Activity,1913374564
2018-10-20 14:51:50,Activity,1916416095
2018-10-20 14:51:58,Activity,1915096850
2018-10-20 14:52:32,Activity,1916346322
2018-10-20 14:53:14,Activity,1911392476
2018-10-21 19:31:00,Activity,1919547609
2018-10-22 18:01:02,Activity,1920793849
2018-10-22 18:01:02,Activity,1919959681
2018-10-23 00:44:03,Activity,1921555002
2018-10-23 00:44:59,Activity,1921655012
2018-10-23 03:19:46,Activity,1921795062
2018-10-24 03:19:46,Activity,1923861790
2018-10-24 17:40:49,Activity,1924879279
2018-10-24 17:40:54,Activity,1924450383
2018-10-24 17:44:50,Activity,1924649264
2018-10-24 17:46:08,Activity,1924450203
2018-10-24 17:46:10,Activity,1924586051
2018-10-25 01:56:37,Activity,1925674703
2018-10-25 01:56:45,Activity,1925483391
2018-10-25 01:57:35,Activity,1925419877
2018-10-25 01:58:49,Activity,1925692473
2018-10-26 02:55:18,Activity,1927659427
2018-10-27 15:38:41,Activity,1930158873
2018-10-27 21:46:51,Activity,1930678515
2018-10-27 21:47:38,Activity,1930568805
2018-10-27 21:47:40,Activity,1930615431
2018-10-27 21:47:43,Activity,1930577438
2018-10-27 21:47:46,Activity,1930872839
2018-10-27 21:47:51,Activity,1930744713
2018-10-27 21:48:10,Activity,1930741361
2018-10-28 14:43:27,Activity,1932261393
2018-10-30 03:27:55,Activity,1934766170
2018-10-30 03:27:59,Activity,1934817202
2018-10-31 03:35:24,Activity,1936806964
2018-10-31 14:15:40,Activity,1936798811
2018-11-01 01:23:45,Activity,1938606887
2018-11-02 03:33:57,Activity,1940302544
2018-11-02 03:33:59,Activity,1940488653
2018-11-02 03:34:35,Activity,1940303448
2018-11-03 00:24:04,Activity,1941658458
2018-11-03 02:33:48,Activity,1941729358
2018-11-03 17:08:38,Activity,1943153221
2018-11-05 16:44:06,Activity,1947365507
2018-11-05 16:44:09,Activity,1947376977
2018-11-05 16:44:34,Activity,1946732112
2018-11-05 20:54:44,Activity,1947709596
2018-11-06 20:58:53,Activity,1949420651
2018-11-06 20:58:54,Activity,1949419177
2018-11-07 01:02:02,Activity,1950420175
2018-11-07 01:03:30,Activity,1950337428
2018-11-07 18:27:09,Activity,1951422577
2018-11-07 18:27:55,Activity,1951561601
2018-11-07 18:28:25,Activity,1950579974
2018-11-07 18:28:28,Activity,1950449762
2018-11-07 18:28:31,Activity,1950449677
2018-11-07 18:28:37,Activity,1950450395
2018-11-07 18:28:39,Activity,1944432178
2018-11-07 18:28:41,Activity,1943924732
2018-11-07 18:29:06,Activity,1950450568
2018-11-07 18:29:11,Activity,1950452460
2018-11-07 18:29:28,Activity,1948532999
2018-11-07 18:31:00,Activity,1948533048
2018-11-08 02:47:27,Activity,1952089425
2018-11-08 02:49:07,Activity,1952287448
2018-11-08 02:51:32,Activity,1952287344
2018-11-08 02:51:34,Activity,1952287506
2018-11-08 15:55:14,Activity,1949256098
2018-11-08 15:55:57,Activity,1936537086
2018-11-08 19:06:39,Activity,1953258582
2018-11-08 19:57:48,Activity,1953364827
2018-11-08 19:57:52,Activity,1953439903
2018-11-08 19:57:57,Activity,1953440618
2018-11-08 19:58:03,Activity,1953178560
2018-11-08 19:58:04,Activity,1953131694
2018-11-08 23:37:33,Activity,1953954597
2018-11-08 23:37:35,Activity,1953979268
2018-11-09 02:13:42,Activity,1954081365
2018-11-09 02:26:44,Activity,1954073693
2018-11-09 03:58:12,Activity,1954128100
2018-11-09 03:59:04,Activity,1954171630
2018-11-09 17:35:16,Activity,1955057858
2018-11-09 17:35:39,Activity,1955000691
2018-11-09 17:35:42,Activity,1955027826
2018-11-09 17:35:44,Activity,1954911811
2018-11-09 17:35:59,Activity,1954768961
2018-11-09 17:36:41,Activity,1954200575
2018-11-09 17:36:50,Activity,1954200542
2018-11-09 17:37:01,Activity,1954205213
2018-11-09 17:38:04,Activity,1954643339
2018-11-09 23:35:08,Activity,1955349324
2018-11-10 14:55:38,Activity,1956544330
2018-11-10 14:55:45,Activity,1956543864
2018-11-11 01:53:50,Activity,1957457717
2018-11-11 05:01:57,Activity,1957186578
2018-11-11 05:01:59,Activity,1957102205
2018-11-11 15:24:47,Activity,1958888080
2018-11-12 01:17:28,Activity,1959681552
2018-11-12 01:18:34,Activity,1959438547
2018-11-12 18:26:44,Activity,1960681050
2018-11-12 20:28:10,Activity,1960471652
2018-11-13 01:40:22,Activity,1961536969
2018-11-13 01:40:27,Activity,1961474416
2018-11-13 13:24:11,Activity,1961455050
2018-11-14 02:43:39,Activity,1963454791
2018-11-14 02:43:56,Activity,1963370761
2018-11-14 02:43:58,Activity,1963339752
2018-11-14 02:44:07,Activity,1963332711
